[{
    "id": "21321",
    "Name": "12312",
    "salary": "312312",
    "designation": "312313"
},{
    "id": "12",
    "Name": "1223",
    "salary": "34",
    "designation": "23123"
},{
    "id": "xcv",
    "Name": "xcv",
    "salary": "xcv",
    "designation": "xcv"
},{
    "id": "xcvc",
    "Name": "xcvxcvdfgd",
    "salary": "gfghfgh",
    "designation": "fd"
},{
    "id": "34",
    "Name": "54",
    "salary": "4",
    "designation": "yt"
}]{
    "id": "1",
    "Name": "tim",
    "salary": "30000",
    "designation": "QA"
}